{"num_classes": 36, "num_train_images": 98, "num_val_images": 11, "num_test_images": 12, "class_names": ["apple", "banana", "beetroot", "bell pepper", "cabbage", "capsicum", "carrot", "cauliflower", "chilli pepper", "corn", "cucumber", "eggplant", "garlic", "ginger", "grapes", "jalepeno", "kiwi", "lemon", "lettuce", "mango", "onion", "orange", "paprika", "pear", "peas", "pineapple", "pomegranate", "potato", "raddish", "soy beans", "spinach", "sweetcorn", "sweetpotato", "tomato", "turnip", "watermelon"], "class_counts": {"capsicum": 89, "orange": 69, "raddish": 81, "watermelon": 84, "carrot": 82, "spinach": 97, "bell pepper": 90, "pear": 89, "beetroot": 88, "soy beans": 97, "jalepeno": 88, "cauliflower": 79, "sweetpotato": 69, "onion": 94, "sweetcorn": 91, "pineapple": 99, "corn": 87, "grapes": 100, "banana": 75, "potato": 77, "lettuce": 97, "chilli pepper": 87, "eggplant": 84, "turnip": 98, "tomato": 92, "mango": 86, "garlic": 92, "ginger": 68, "lemon": 82, "paprika": 83, "cabbage": 92, "cucumber": 94, "apple": 68, "kiwi": 88, "peas": 100, "pomegranate": 79}, "class_percentages": {"capsicum": 2.857142857142857, "orange": 2.215088282504013, "raddish": 2.6003210272873196, "watermelon": 2.696629213483146, "carrot": 2.6324237560192616, "spinach": 3.113964686998395, "bell pepper": 2.889245585874799, "pear": 2.857142857142857, "beetroot": 2.8250401284109152, "soy beans": 3.113964686998395, "jalepeno": 2.8250401284109152, "cauliflower": 2.536115569823435, "sweetpotato": 2.215088282504013, "onion": 3.0176565008025684, "sweetcorn": 2.9213483146067416, "pineapple": 3.178170144462279, "corn": 2.792937399678973, "grapes": 3.210272873194221, "banana": 2.4077046548956664, "potato": 2.4719101123595504, "lettuce": 3.113964686998395, "chilli pepper": 2.792937399678973, "eggplant": 2.696629213483146, "turnip": 3.146067415730337, "tomato": 2.9534510433386836, "mango": 2.7608346709470304, "garlic": 2.9534510433386836, "ginger": 2.182985553772071, "lemon": 2.6324237560192616, "paprika": 2.664526484751204, "cabbage": 2.9534510433386836, "cucumber": 3.0176565008025684, "apple": 2.182985553772071, "kiwi": 2.8250401284109152, "peas": 3.210272873194221, "pomegranate": 2.536115569823435}, "model_summary": "Model: \"sequential\"\n_________________________________________________________________\n Layer (type)                Output Shape              Param #   \n=================================================================\n mobilenetv2_1.00_160 (Funct  (None, 5, 5, 1280)       2257984   \n ional)                                                          \n                                                                 \n global_average_pooling2d (G  (None, 1280)             0         \n lobalAveragePooling2D)                                          \n                                                                 \n dense (Dense)               (None, 36)                46116     \n                                                                 \n=================================================================\nTotal params: 2,304,100\nTrainable params: 2,269,988\nNon-trainable params: 34,112\n_________________________________________________________________", "model_history": {"accuracy": [0.5091492533683777, 0.8423755764961243, 0.932584285736084, 0.966292142868042, 0.9791332483291626, 0.9813804030418396, 0.9861958026885986, 0.9861958026885986, 0.9868378639221191, 0.9871588945388794, 0.9884430170059204, 0.9900481700897217, 0.9865168333053589, 0.9871588945388794, 0.9887640476226807, 0.9887640476226807, 0.9887640476226807, 0.9887640476226807, 0.9887640476226807, 0.9890850782394409], "val_accuracy": [0.7378917336463928, 0.811965823173523, 0.8689458966255188, 0.8917378783226013, 0.8945869207382202, 0.9116809368133545, 0.9145299196243286, 0.9145299196243286, 0.9430199265480042, 0.9430199265480042, 0.934472918510437, 0.9544159770011902, 0.945868968963623, 0.9544159770011902, 0.9515669345855713, 0.9515669345855713, 0.9601139426231384, 0.9601139426231384, 0.9658119678497314, 0.9629629850387573], "loss": [1.9145160913467407, 0.6029279828071594, 0.28339627385139465, 0.16157369315624237, 0.09274470061063766, 0.07297008484601974, 0.054543621838092804, 0.048425737768411636, 0.042915474623441696, 0.0379747599363327, 0.03394408896565437, 0.030211152508854866, 0.028616659343242645, 0.025271616876125336, 0.02423706091940403, 0.023015769198536873, 0.01985582523047924, 0.019983623176813126, 0.01943162828683853, 0.019146854057908058], "val_loss": [0.8380205035209656, 0.5817539691925049, 0.4593004584312439, 0.3353104591369629, 0.310657799243927, 0.30785688757896423, 0.27331626415252686, 0.27271193265914917, 0.1831040382385254, 0.17047181725502014, 0.1665787249803543, 0.13087253272533417, 0.17192472517490387, 0.1486862301826477, 0.14676982164382935, 0.1490071415901184, 0.12282543629407883, 0.10825956612825394, 0.131744846701622, 0.11376211047172546]}}